,Om0,w,H0
Om0,3487.8285975494473,-2504.5530633598305,-223.75752454431662
w,-2504.5530633598305,9850.371218745548,784.3525612443817
H0,-223.75752454431662,784.3525612443816,74.4312211639787
