,Om0,w,H0
Om0,2815.761368111944,-150.28297685065414,-13.52776389965889
w,-150.28297685065414,526.5105113221683,43.551082459467374
H0,-13.527763899658886,43.551082459467374,4.210292387745364
